Platform,Movies
Amazon,22.39263804
Netflix,56.13496933
MX Player,2.45398773
Disney + Hotstar,10.12269939
Zee 5,8.895705521